distinguished	all	score	auc_pr	auc_roc
416	3936	0.20192308370129075	0.6988384990835748	0.6638578149786832
