name	tn	fp	fn	tp	acc	fpr	tpr	auc_roc	auc_pr	errors
eval_results/eval_data/dbaasp/activity/moi/species/staphylococcusaureus_	202	878	110	2166	0.7056019070321812	0.812962962962963	0.9516695957820738	0.6310695746273515	0.7435875183537854	0
eval_results/eval_data/dbaasp/activity/	190	606	231	3705	0.8231191885038038	0.7613065326633166	0.9413109756097561	0.6948006993810516	0.9031763978021772	0
eval_results/eval_data/dbaasp/activity/moi/species/escherichiacoli_	212	748	149	2556	0.7552523874488404	0.7791666666666667	0.9449168207024029	0.6526963955637708	0.8039315768988708	0
eval_results/eval_data/dbaasp/activity/moi/strain/staphylococcusaureusatcc25923_	57	343	44	944	0.7211815561959655	0.8575	0.9554655870445344	0.6094040991902834	0.7632187482540123	0
eval_results/eval_data/dbaasp/activity/moi/strain/escherichiacoliatcc25922_	106	369	104	1508	0.7733588883564926	0.7768421052631579	0.9354838709677419	0.6695820817552566	0.8440491646412427	0
